{"cameraMode":{"drawMode":0,"name":"Shaded","section":"Shading Mode"},"sceneLighting":true,"audioPlay":false,"sceneViewState":{"showFog":false,"showMaterialUpdate":false,"showSkybox":false,"showFlares":false,"showImageEffects":false,"showParticleSystems":true},"in2DMode":false,"pivot":{"x":-37.84674072265625,"y":102.38238525390625,"z":7.78704833984375},"rotation":{"x":-0.253813773393631,"y":0.710519015789032,"z":-0.3124614357948303,"w":-0.5771587491035461},"size":325.4308776855469,"orthographic":false}