{"cameraMode":{"drawMode":0,"name":"Shaded","section":"Shading Mode"},"sceneLighting":true,"audioPlay":false,"sceneViewState":{"showFog":false,"showMaterialUpdate":false,"showSkybox":false,"showFlares":false,"showImageEffects":false,"showParticleSystems":true},"in2DMode":false,"pivot":{"x":25.527000427246095,"y":94.79762268066406,"z":-32.38239288330078},"rotation":{"x":-0.1005641371011734,"y":0.8987569212913513,"z":-0.28276151418685915,"w":-0.3196428418159485},"size":233.34524536132813,"orthographic":false}